index,age,anaemia,diabetes,high_blood_pressure,sex,smoking,time,event
0,75.0,0,0,1,1,0,4,1
1,55.0,0,0,0,1,0,6,1
2,65.0,0,0,0,1,1,7,1
3,50.0,1,0,0,1,0,7,1
4,65.0,1,1,0,0,0,8,1
5,90.0,1,0,1,1,1,8,1
6,75.0,1,0,0,1,0,10,1
7,60.0,1,1,0,1,1,10,1
8,65.0,0,0,0,0,0,10,1
9,80.0,1,0,1,1,1,10,1
10,75.0,1,0,1,1,1,10,1
11,62.0,0,0,1,1,1,10,1
12,45.0,1,0,0,1,0,11,1
13,50.0,1,0,1,1,0,11,1
14,49.0,1,0,1,0,0,12,0
15,82.0,1,0,0,1,0,13,1
16,87.0,1,0,0,1,0,14,1
17,45.0,0,0,0,1,0,14,1
18,70.0,1,0,1,0,0,15,1
19,48.0,1,1,0,0,0,15,1
20,65.0,1,0,1,0,0,16,0
21,65.0,1,1,1,0,0,20,1
22,68.0,1,0,1,1,1,20,1
23,53.0,0,1,0,1,0,22,0
24,75.0,0,1,1,0,0,23,1
25,80.0,0,1,0,1,1,23,1
26,95.0,1,0,1,0,0,24,1
27,70.0,0,1,1,1,1,26,1
28,58.0,1,0,0,1,0,26,1
29,82.0,0,1,0,1,1,26,1
30,94.0,0,1,1,1,0,27,1
31,85.0,0,0,0,1,0,28,1
32,50.0,1,1,1,0,0,28,1
33,50.0,1,1,0,0,0,29,0
34,65.0,0,1,1,1,0,29,1
35,69.0,0,1,0,1,0,30,1
36,90.0,1,1,0,1,0,30,1
37,82.0,1,1,1,0,0,30,1
38,60.0,0,1,0,1,0,30,0
39,60.0,0,1,0,0,0,30,1
40,70.0,0,0,1,1,1,31,1
41,50.0,0,1,1,0,1,32,1
42,70.0,0,1,1,1,1,33,1
43,72.0,0,1,1,1,0,33,0
44,60.0,1,1,0,0,0,33,1
45,50.0,0,1,0,1,1,35,1
46,51.0,0,0,1,1,0,38,1
47,60.0,0,1,1,1,1,40,1
48,80.0,1,0,1,1,0,41,1
49,57.0,1,0,0,0,0,42,1
50,68.0,1,0,1,1,0,43,1
51,53.0,1,0,1,0,0,43,1
52,60.0,0,1,0,0,0,43,1
53,70.0,1,1,1,0,0,44,1
54,60.0,1,1,0,0,1,45,1
55,95.0,1,0,0,1,0,50,1
56,70.0,1,0,0,1,1,54,0
57,60.0,1,0,0,1,1,54,0
58,49.0,0,0,1,1,1,55,1
59,72.0,0,1,1,1,1,59,1
60,45.0,0,1,1,1,0,60,1
61,50.0,0,0,1,0,0,60,1
62,55.0,0,0,0,1,1,60,0
63,45.0,0,0,0,1,0,61,1
64,45.0,0,0,0,0,0,63,0
65,60.0,0,0,0,1,1,64,1
66,42.0,1,1,0,0,0,65,1
67,72.0,1,0,0,1,1,65,1
68,70.0,0,0,0,0,0,66,1
69,65.0,0,1,0,1,0,67,1
70,41.0,0,0,0,1,1,68,0
71,58.0,0,1,0,1,1,71,0
72,85.0,0,0,0,1,1,72,1
73,65.0,0,1,0,1,1,72,0
74,69.0,0,0,0,1,1,73,1
75,60.0,1,0,0,1,1,73,1
76,70.0,0,0,1,0,1,74,0
77,42.0,0,1,0,1,0,74,0
78,75.0,1,1,1,1,1,74,0
79,55.0,0,0,1,0,0,74,0
80,70.0,0,0,0,0,0,75,0
81,67.0,0,0,0,1,1,76,0
82,60.0,1,1,0,0,0,77,1
83,79.0,1,0,1,1,0,78,0
84,59.0,1,1,1,0,0,78,1
85,51.0,0,0,0,1,0,79,0
86,55.0,0,0,1,1,0,79,0
87,65.0,1,1,1,1,0,79,0
88,44.0,0,1,1,1,0,79,0
89,57.0,1,0,1,1,0,79,0
90,70.0,0,1,0,1,1,80,0
91,60.0,0,1,0,1,0,80,0
92,42.0,0,0,0,0,0,82,0
93,60.0,1,0,0,1,0,82,1
94,58.0,0,1,1,0,0,83,0
95,58.0,1,0,1,1,0,83,0
96,63.0,1,1,1,1,0,83,0
97,70.0,1,0,0,0,0,85,0
98,60.0,1,1,1,0,0,85,0
99,63.0,1,1,0,0,0,86,0
100,65.0,1,0,0,1,0,87,0
101,75.0,0,0,1,1,0,87,0
102,80.0,0,0,0,1,1,87,0
103,42.0,0,0,0,1,1,87,0
104,60.0,0,0,1,0,0,87,0
105,72.0,1,0,1,0,1,88,1
106,55.0,0,0,0,1,0,88,0
107,45.0,1,1,0,1,0,88,0
108,63.0,0,0,0,1,1,88,0
109,45.0,0,1,0,1,1,88,0
110,85.0,0,0,0,1,1,90,1
111,55.0,0,0,0,1,1,90,0
112,50.0,0,1,0,1,0,90,0
113,70.0,1,0,0,0,0,90,1
114,60.0,1,1,1,1,0,91,0
115,58.0,1,0,0,0,0,91,0
116,60.0,1,1,1,0,0,94,0
117,85.0,1,0,0,0,0,94,0
118,65.0,1,1,1,0,0,94,0
119,86.0,0,0,0,0,0,95,1
120,60.0,1,0,1,1,1,95,0
121,66.0,1,1,1,0,0,95,0
122,60.0,0,1,0,0,0,95,0
123,60.0,1,0,1,0,0,95,0
124,60.0,0,0,0,1,0,96,1
125,43.0,1,0,0,0,0,97,0
126,46.0,0,1,1,0,0,100,1
127,58.0,1,1,0,0,0,104,0
128,61.0,0,0,1,1,1,104,0
129,53.0,1,1,0,1,0,105,0
130,53.0,1,0,1,1,1,106,0
131,60.0,1,1,0,1,0,107,0
132,46.0,0,0,1,0,0,107,0
133,63.0,0,0,1,1,1,107,0
134,81.0,0,0,0,1,1,107,0
135,75.0,0,0,0,1,0,107,0
136,65.0,1,1,0,0,0,107,0
137,68.0,1,0,0,1,0,108,0
138,62.0,0,1,0,0,0,108,0
139,50.0,0,0,1,1,0,108,0
140,80.0,0,0,0,1,0,109,1
141,46.0,1,0,0,0,0,109,0
142,50.0,0,1,0,0,0,109,0
143,61.0,1,0,1,0,0,110,0
144,72.0,1,0,1,1,1,111,1
145,50.0,0,0,0,1,1,112,0
146,52.0,0,0,0,1,1,112,0
147,64.0,0,0,0,1,0,113,0
148,75.0,1,0,0,1,0,113,1
149,60.0,0,0,1,1,0,115,0
150,72.0,0,0,1,0,0,115,1
151,62.0,0,1,1,1,0,117,0
152,50.0,0,0,1,1,1,118,0
153,50.0,0,1,0,1,1,119,0
154,65.0,1,0,1,0,0,120,0
155,60.0,1,1,0,1,0,120,0
156,52.0,1,0,0,0,0,120,0
157,50.0,0,0,0,1,1,120,0
158,85.0,1,0,0,1,0,121,0
159,59.0,1,0,1,1,1,121,0
160,66.0,1,0,1,1,0,121,0
161,45.0,1,0,0,1,1,121,0
162,63.0,1,0,0,1,1,123,0
163,50.0,1,1,0,0,0,126,1
164,45.0,0,1,0,1,0,129,1
165,80.0,0,1,1,0,0,130,1
166,53.0,0,0,0,1,1,134,0
167,59.0,0,1,0,1,0,135,1
168,65.0,0,1,0,0,0,140,0
169,70.0,0,0,1,0,0,145,0
170,51.0,1,1,0,1,1,145,0
171,52.0,0,0,0,1,1,146,0
172,70.0,1,0,1,1,1,146,0
173,50.0,1,0,0,1,0,146,0
174,65.0,0,1,1,1,1,146,0
175,60.0,1,0,0,1,1,146,0
176,69.0,0,0,0,1,1,147,0
177,49.0,1,0,0,0,0,147,0
178,63.0,1,1,0,1,0,147,0
179,55.0,0,0,0,1,1,147,0
180,40.0,0,1,0,1,0,148,0
181,59.0,1,1,0,1,1,150,1
182,65.0,0,1,0,1,1,154,1
183,75.0,0,0,1,1,0,162,1
184,58.0,1,0,0,1,1,170,1
185,60.667,1,1,0,1,0,171,1
186,50.0,0,0,0,0,0,172,1
187,60.0,0,1,0,0,0,172,1
188,60.667,1,1,1,0,0,172,0
189,40.0,0,0,1,0,0,174,0
190,80.0,0,1,0,1,0,174,0
191,64.0,1,0,0,0,0,174,0
192,50.0,1,1,0,1,0,175,0
193,73.0,1,1,0,1,1,180,0
194,45.0,0,0,1,1,0,180,1
195,77.0,1,0,0,1,0,180,1
196,45.0,0,1,1,0,0,185,0
197,65.0,0,0,0,0,0,186,0
198,50.0,1,1,1,0,0,186,0
199,60.0,0,1,0,1,1,186,0
200,63.0,1,0,0,1,0,186,0
201,45.0,0,1,1,1,0,186,0
202,70.0,0,0,1,1,0,186,0
203,60.0,0,0,1,1,1,187,0
204,78.0,1,0,0,1,1,187,0
205,50.0,1,1,0,0,0,187,0
206,40.0,1,0,0,0,0,187,0
207,85.0,0,0,0,1,0,187,0
208,60.0,1,1,0,0,0,187,0
209,49.0,0,1,1,0,0,187,0
210,70.0,0,1,1,1,1,188,0
211,50.0,0,0,1,1,1,192,0
212,78.0,0,0,0,1,1,192,0
213,48.0,1,1,1,0,0,193,1
214,65.0,1,0,1,1,0,194,0
215,73.0,0,0,1,1,0,195,0
216,70.0,0,0,1,0,0,196,0
217,54.0,1,0,1,0,0,196,1
218,68.0,1,1,0,1,0,197,0
219,55.0,0,1,1,0,0,197,0
220,73.0,0,0,0,1,0,198,1
221,65.0,0,0,0,1,1,200,0
222,42.0,1,0,0,1,1,201,0
223,47.0,0,0,0,1,0,201,0
224,58.0,0,1,0,1,0,205,0
225,75.0,0,1,0,0,0,205,0
226,58.0,1,0,0,1,1,205,0
227,55.0,1,0,1,1,0,206,0
228,65.0,0,0,0,0,0,207,0
229,72.0,0,0,0,0,0,207,0
230,60.0,0,0,0,0,0,207,1
231,70.0,0,0,0,1,1,208,0
232,40.0,1,0,0,1,0,209,0
233,53.0,1,0,0,1,1,209,0
234,53.0,1,0,0,1,1,209,0
235,77.0,1,0,1,1,0,209,0
236,75.0,0,0,1,1,0,209,0
237,70.0,0,0,0,1,0,210,0
238,65.0,1,1,0,0,0,210,0
239,55.0,1,0,0,1,1,211,0
240,70.0,0,1,1,0,0,212,0
241,65.0,0,1,0,1,1,212,0
242,40.0,0,0,0,1,1,212,0
243,73.0,1,0,1,0,0,213,0
244,54.0,0,1,0,1,0,213,0
245,61.0,1,1,0,1,0,213,0
246,55.0,0,0,0,1,0,214,1
247,64.0,0,0,0,1,0,214,0
248,40.0,0,0,0,1,1,214,0
249,53.0,0,1,0,0,0,214,0
250,50.0,0,0,1,0,0,214,0
251,55.0,0,1,0,0,0,215,0
252,50.0,0,0,1,1,0,215,0
253,70.0,0,1,1,0,0,215,0
254,53.0,1,0,1,1,0,215,0
255,52.0,1,1,1,1,1,216,0
256,65.0,0,0,0,0,0,220,0
257,58.0,0,1,1,1,0,230,0
258,45.0,1,1,0,1,0,230,0
259,53.0,0,0,0,1,1,231,0
260,55.0,0,0,0,1,0,233,0
261,62.0,1,0,0,0,0,233,0
262,65.0,1,1,0,1,0,235,1
263,68.0,1,1,0,0,0,237,0
264,61.0,0,1,0,1,0,237,0
265,50.0,1,0,0,1,1,240,0
266,55.0,0,0,0,1,1,241,1
267,56.0,1,1,0,1,0,244,0
268,45.0,0,1,0,0,0,244,0
269,40.0,0,1,0,1,0,244,0
270,44.0,0,1,1,1,1,244,0
271,51.0,0,1,0,0,0,244,0
272,67.0,0,0,0,0,0,245,0
273,42.0,0,0,0,1,0,245,0
274,60.0,1,1,0,1,1,245,0
275,45.0,0,0,1,0,0,245,0
276,70.0,0,0,0,0,0,245,0
277,70.0,0,1,0,1,0,246,0
278,50.0,1,1,0,0,0,246,0
279,55.0,0,1,0,0,0,246,0
280,70.0,0,1,0,1,0,247,0
281,70.0,0,0,0,1,1,250,0
282,42.0,0,0,0,1,1,250,0
283,65.0,0,0,0,1,1,250,0
284,50.0,1,0,0,1,0,250,0
285,55.0,1,1,0,1,0,250,0
286,60.0,0,0,0,1,0,250,0
287,45.0,0,1,0,0,0,250,0
288,65.0,0,1,0,0,0,256,0
289,90.0,1,0,0,0,0,256,0
290,45.0,0,1,0,0,0,257,0
291,60.0,0,0,0,1,0,258,0
292,52.0,0,1,0,1,1,258,0
293,63.0,1,1,0,1,1,270,0
294,62.0,0,1,1,1,1,270,0
295,55.0,0,0,0,0,0,271,0
296,45.0,0,1,0,0,0,278,0
297,45.0,0,0,0,1,1,280,0
298,50.0,0,0,0,1,1,285,0
